admission_id,patient_id,department,admission_date,discharge_date,emergency_flag
1,506,Pediatrics,2025-01-30,2025-02-04,No
2,780,Cardiology,2025-05-17,2025-05-30,No
3,459,Cardiology,2025-06-15,2025-06-26,No
4,789,Emergency,2025-02-20,2025-02-25,No
5,756,General Medicine,2025-06-16,2025-06-25,No
6,415,Orthopedics,2025-06-26,2025-07-04,No
7,918,General Medicine,2025-02-14,2025-02-24,No
8,603,General Medicine,2025-04-03,2025-04-11,No
9,994,Pediatrics,2025-04-28,2025-05-04,No
10,745,General Medicine,2025-01-29,2025-02-09,No
11,496,Cardiology,2025-05-16,2025-05-30,No
12,229,General Medicine,2025-03-01,2025-03-03,No
13,67,Emergency,2025-06-10,2025-06-17,No
14,401,Cardiology,2025-04-17,2025-04-19,No
15,945,Emergency,2025-04-11,2025-04-23,No
16,414,Oncology,2025-03-10,2025-03-20,Yes
17,973,General Medicine,2025-04-27,2025-05-06,No
18,856,Oncology,2025-03-31,2025-04-03,No
19,876,Oncology,2025-05-20,2025-05-29,Yes
20,881,Orthopedics,2025-02-27,2025-03-12,No
21,53,Cardiology,2025-01-05,2025-01-17,Yes
22,928,Emergency,2025-01-27,2025-01-31,No
23,923,Cardiology,2025-02-25,2025-03-07,No
24,471,Pediatrics,2025-02-06,2025-02-07,No
25,433,Pediatrics,2025-04-28,2025-05-08,Yes
26,456,General Medicine,2025-02-06,2025-02-18,No
27,735,General Medicine,2025-02-06,2025-02-14,No
28,438,Cardiology,2025-03-11,2025-03-25,No
29,455,General Medicine,2025-02-10,2025-02-11,No
30,955,Pediatrics,2025-03-21,2025-04-01,No
31,464,Pediatrics,2025-02-04,2025-02-07,No
32,802,Orthopedics,2025-05-18,2025-05-21,No
33,501,Oncology,2025-04-14,2025-04-15,No
34,540,Pediatrics,2025-02-25,2025-03-02,Yes
35,646,Cardiology,2025-05-01,2025-05-06,No
36,816,Cardiology,2025-01-21,2025-02-02,Yes
37,668,Oncology,2025-06-19,2025-06-23,No
38,464,Emergency,2025-01-27,2025-01-30,No
39,43,Oncology,2025-01-24,2025-02-01,No
40,332,Orthopedics,2025-04-14,2025-04-25,No
41,825,Pediatrics,2025-01-10,2025-01-17,No
42,292,General Medicine,2025-05-01,2025-05-13,No
43,335,Oncology,2025-04-14,2025-04-26,No
44,456,Cardiology,2025-04-17,2025-04-24,Yes
45,850,Oncology,2025-05-06,2025-05-13,No
46,261,Cardiology,2025-03-26,2025-03-29,No
47,102,Orthopedics,2025-06-03,2025-06-13,No
48,383,Pediatrics,2025-05-25,2025-05-29,No
49,232,Cardiology,2025-01-11,2025-01-17,Yes
50,926,Emergency,2025-01-19,2025-02-01,No
51,138,Emergency,2025-02-03,2025-02-11,No
52,474,Oncology,2025-02-28,2025-03-01,No
53,37,Orthopedics,2025-01-11,2025-01-15,Yes
54,974,Pediatrics,2025-04-27,2025-05-08,No
55,187,Orthopedics,2025-05-15,2025-05-22,No
56,849,Oncology,2025-06-01,2025-06-02,Yes
57,218,General Medicine,2025-01-30,2025-02-09,No
58,833,Pediatrics,2025-02-22,2025-02-28,No
59,40,Emergency,2025-05-25,2025-06-01,No
60,196,General Medicine,2025-01-07,2025-01-13,Yes
61,999,Cardiology,2025-06-22,2025-07-03,No
62,744,Emergency,2025-05-10,2025-05-20,No
63,403,Cardiology,2025-06-22,2025-07-04,No
64,725,Cardiology,2025-01-10,2025-01-22,No
65,744,Emergency,2025-05-25,2025-06-07,Yes
66,720,General Medicine,2025-05-23,2025-06-06,No
67,960,General Medicine,2025-06-27,2025-07-06,No
68,338,Orthopedics,2025-02-18,2025-02-27,Yes
69,17,Cardiology,2025-01-24,2025-01-31,No
70,743,Pediatrics,2025-03-22,2025-03-28,No
71,900,Oncology,2025-05-21,2025-05-26,Yes
72,995,General Medicine,2025-03-01,2025-03-02,No
73,190,Cardiology,2025-01-15,2025-01-23,No
74,363,Oncology,2025-01-05,2025-01-12,No
75,974,Emergency,2025-03-12,2025-03-14,No
76,466,Pediatrics,2025-03-27,2025-04-07,No
77,438,Emergency,2025-01-29,2025-02-01,No
78,945,Cardiology,2025-05-06,2025-05-18,No
79,247,General Medicine,2025-03-09,2025-03-18,No
80,938,General Medicine,2025-02-11,2025-02-23,No
81,79,Orthopedics,2025-03-12,2025-03-21,No
82,23,Cardiology,2025-01-01,2025-01-15,No
83,871,Oncology,2025-06-02,2025-06-14,No
84,65,General Medicine,2025-06-23,2025-07-07,No
85,243,General Medicine,2025-01-04,2025-01-05,No
86,894,Oncology,2025-03-24,2025-03-30,No
87,908,Cardiology,2025-06-13,2025-06-22,No
88,443,Oncology,2025-04-18,2025-05-02,No
89,54,General Medicine,2025-01-20,2025-01-24,No
90,749,General Medicine,2025-04-11,2025-04-17,No
91,987,Emergency,2025-01-28,2025-02-07,No
92,253,Emergency,2025-03-02,2025-03-04,No
93,44,Cardiology,2025-05-05,2025-05-16,No
94,993,Orthopedics,2025-03-31,2025-04-10,No
95,306,Orthopedics,2025-04-21,2025-04-23,No
96,183,General Medicine,2025-02-27,2025-03-10,No
97,100,Orthopedics,2025-01-10,2025-01-22,No
98,624,Orthopedics,2025-06-20,2025-06-25,Yes
99,17,Pediatrics,2025-02-14,2025-02-17,No
100,719,Cardiology,2025-01-07,2025-01-12,No
101,235,Pediatrics,2025-04-28,2025-05-02,No
102,995,Oncology,2025-03-15,2025-03-20,No
103,829,Emergency,2025-05-27,2025-06-10,No
104,934,Orthopedics,2025-06-24,2025-07-04,No
105,969,Cardiology,2025-03-11,2025-03-13,Yes
106,149,Cardiology,2025-01-09,2025-01-22,No
107,495,Orthopedics,2025-03-26,2025-04-02,No
108,855,Orthopedics,2025-04-28,2025-05-07,No
109,575,Cardiology,2025-01-26,2025-02-03,No
110,8,Oncology,2025-03-09,2025-03-11,No
111,122,Cardiology,2025-03-31,2025-04-05,No
112,411,Orthopedics,2025-02-02,2025-02-08,No
113,844,Emergency,2025-01-23,2025-01-27,No
114,464,Orthopedics,2025-02-28,2025-03-02,Yes
115,616,Pediatrics,2025-05-17,2025-05-30,Yes
116,706,General Medicine,2025-05-15,2025-05-27,No
117,92,Orthopedics,2025-06-08,2025-06-22,No
118,46,Pediatrics,2025-06-03,2025-06-11,No
119,338,Pediatrics,2025-05-24,2025-06-04,Yes
120,779,Cardiology,2025-02-10,2025-02-14,Yes
121,336,General Medicine,2025-06-28,2025-07-06,No
122,840,Pediatrics,2025-01-25,2025-01-28,No
123,210,Pediatrics,2025-05-19,2025-05-26,No
124,669,Emergency,2025-01-25,2025-01-31,No
125,410,Emergency,2025-02-14,2025-02-25,No
126,712,Pediatrics,2025-05-10,2025-05-24,No
127,60,Orthopedics,2025-02-22,2025-03-03,No
128,543,Emergency,2025-05-30,2025-06-13,No
129,997,Emergency,2025-04-30,2025-05-14,Yes
130,418,General Medicine,2025-01-08,2025-01-14,No
131,854,Pediatrics,2025-06-19,2025-06-25,No
132,524,Emergency,2025-06-08,2025-06-16,No
133,201,Pediatrics,2025-06-22,2025-07-01,No
134,313,Pediatrics,2025-02-02,2025-02-08,No
135,133,Oncology,2025-01-21,2025-01-24,No
136,380,Cardiology,2025-04-18,2025-04-23,No
137,875,Emergency,2025-06-09,2025-06-23,No
138,74,General Medicine,2025-05-17,2025-05-26,No
139,80,Pediatrics,2025-05-27,2025-06-02,No
140,591,Pediatrics,2025-02-26,2025-03-05,No
141,777,Emergency,2025-04-06,2025-04-07,No
142,135,Oncology,2025-02-14,2025-02-15,Yes
143,19,Cardiology,2025-02-24,2025-02-25,No
144,932,Pediatrics,2025-06-25,2025-07-04,No
145,972,Cardiology,2025-06-22,2025-06-28,No
146,311,Pediatrics,2025-05-19,2025-05-30,No
147,746,General Medicine,2025-02-02,2025-02-11,No
148,68,Oncology,2025-04-12,2025-04-13,No
149,399,Pediatrics,2025-04-20,2025-04-26,Yes
150,468,General Medicine,2025-02-15,2025-02-21,No
151,127,Pediatrics,2025-02-15,2025-02-19,No
152,355,Orthopedics,2025-01-07,2025-01-17,No
153,996,Cardiology,2025-03-24,2025-04-06,No
154,389,Orthopedics,2025-05-08,2025-05-21,No
155,571,Orthopedics,2025-03-30,2025-04-03,No
156,178,Emergency,2025-06-07,2025-06-18,Yes
157,349,Cardiology,2025-05-13,2025-05-18,Yes
158,539,Pediatrics,2025-01-07,2025-01-08,Yes
159,964,Pediatrics,2025-01-02,2025-01-10,Yes
160,954,Emergency,2025-02-09,2025-02-22,Yes
161,861,Oncology,2025-03-12,2025-03-21,No
162,629,General Medicine,2025-02-15,2025-02-24,No
163,888,General Medicine,2025-03-30,2025-04-05,No
164,114,Cardiology,2025-06-28,2025-07-10,No
165,679,Oncology,2025-03-26,2025-04-05,Yes
166,141,Emergency,2025-01-23,2025-01-28,No
167,708,Cardiology,2025-04-02,2025-04-04,No
168,833,Emergency,2025-01-26,2025-02-07,Yes
169,714,Pediatrics,2025-02-04,2025-02-18,No
170,110,Emergency,2025-01-09,2025-01-22,Yes
171,859,Orthopedics,2025-05-21,2025-05-29,No
172,192,Oncology,2025-05-02,2025-05-08,No
173,106,Emergency,2025-05-22,2025-06-04,No
174,661,Emergency,2025-02-19,2025-02-21,Yes
175,7,Pediatrics,2025-05-14,2025-05-21,No
176,695,Orthopedics,2025-01-12,2025-01-20,No
177,384,Cardiology,2025-03-16,2025-03-21,No
178,877,Emergency,2025-06-21,2025-06-23,No
179,667,Oncology,2025-03-13,2025-03-14,No
180,208,Orthopedics,2025-04-06,2025-04-10,No
181,94,Pediatrics,2025-06-15,2025-06-18,No
182,213,Emergency,2025-01-27,2025-02-09,No
183,241,Pediatrics,2025-02-04,2025-02-08,No
184,348,Emergency,2025-03-16,2025-03-25,No
185,59,Cardiology,2025-01-29,2025-02-05,No
186,222,General Medicine,2025-05-27,2025-05-29,No
187,583,Cardiology,2025-03-11,2025-03-15,No
188,1000,Cardiology,2025-03-08,2025-03-21,No
189,355,Cardiology,2025-06-23,2025-07-01,No
190,561,General Medicine,2025-05-01,2025-05-03,No
191,181,Emergency,2025-06-01,2025-06-13,No
192,299,General Medicine,2025-01-07,2025-01-20,Yes
193,182,Pediatrics,2025-04-16,2025-04-18,No
194,9,Cardiology,2025-02-13,2025-02-17,Yes
195,955,Oncology,2025-05-11,2025-05-21,No
196,367,Pediatrics,2025-03-01,2025-03-08,No
197,962,Oncology,2025-06-07,2025-06-09,No
198,170,Cardiology,2025-06-28,2025-07-10,No
199,589,Orthopedics,2025-02-02,2025-02-14,No
200,264,General Medicine,2025-01-05,2025-01-18,No
201,501,Emergency,2025-06-01,2025-06-04,No
202,234,Emergency,2025-03-03,2025-03-05,No
203,56,General Medicine,2025-03-22,2025-03-25,No
204,695,Emergency,2025-06-27,2025-07-06,Yes
205,30,Emergency,2025-01-20,2025-02-02,Yes
206,814,Pediatrics,2025-06-21,2025-07-01,Yes
207,797,Orthopedics,2025-01-03,2025-01-12,No
208,914,Oncology,2025-03-05,2025-03-15,No
209,612,Cardiology,2025-04-08,2025-04-10,No
210,79,Pediatrics,2025-02-24,2025-03-09,No
211,241,Cardiology,2025-04-03,2025-04-06,No
212,800,Pediatrics,2025-01-20,2025-01-21,No
213,579,Pediatrics,2025-01-09,2025-01-20,No
214,182,Pediatrics,2025-02-08,2025-02-12,No
215,298,Cardiology,2025-05-24,2025-06-07,No
216,260,Emergency,2025-01-19,2025-01-20,No
217,344,Orthopedics,2025-06-24,2025-07-06,No
218,241,Oncology,2025-02-13,2025-02-20,No
219,312,Orthopedics,2025-04-27,2025-05-10,No
220,573,Oncology,2025-05-17,2025-05-20,No
221,749,Orthopedics,2025-05-18,2025-05-26,No
222,634,General Medicine,2025-02-08,2025-02-21,No
223,966,Oncology,2025-05-25,2025-06-02,Yes
224,241,Oncology,2025-05-16,2025-05-24,Yes
225,194,Oncology,2025-02-26,2025-03-02,No
226,727,Orthopedics,2025-05-13,2025-05-24,No
227,154,Oncology,2025-03-05,2025-03-07,No
228,943,Pediatrics,2025-06-25,2025-07-05,No
229,501,Cardiology,2025-03-26,2025-03-29,No
230,635,Cardiology,2025-03-03,2025-03-17,No
231,345,Cardiology,2025-02-20,2025-03-04,Yes
232,245,Oncology,2025-06-08,2025-06-09,No
233,280,Emergency,2025-05-01,2025-05-06,No
234,921,Oncology,2025-03-21,2025-03-26,Yes
235,620,Cardiology,2025-01-21,2025-01-27,No
236,681,Oncology,2025-01-15,2025-01-17,No
237,556,Orthopedics,2025-05-29,2025-06-09,No
238,830,Orthopedics,2025-06-09,2025-06-17,No
239,639,Oncology,2025-02-11,2025-02-20,Yes
240,542,Orthopedics,2025-02-02,2025-02-04,No
241,584,Cardiology,2025-04-10,2025-04-17,No
242,269,Pediatrics,2025-02-20,2025-03-01,No
243,681,General Medicine,2025-04-01,2025-04-06,No
244,6,Orthopedics,2025-05-14,2025-05-16,No
245,230,Emergency,2025-01-21,2025-01-24,No
246,344,Cardiology,2025-05-15,2025-05-16,No
247,917,Oncology,2025-03-28,2025-04-03,No
248,879,Pediatrics,2025-06-08,2025-06-11,Yes
249,591,Cardiology,2025-04-02,2025-04-06,No
250,964,Oncology,2025-01-26,2025-01-27,No
251,385,General Medicine,2025-03-26,2025-03-27,No
252,920,Emergency,2025-06-18,2025-06-22,No
253,80,General Medicine,2025-02-01,2025-02-06,No
254,247,Oncology,2025-05-29,2025-06-07,Yes
255,629,Orthopedics,2025-01-08,2025-01-12,Yes
256,742,Cardiology,2025-04-04,2025-04-06,Yes
257,223,Orthopedics,2025-01-16,2025-01-27,No
258,378,Cardiology,2025-06-04,2025-06-06,No
259,347,General Medicine,2025-05-31,2025-06-04,No
260,358,Cardiology,2025-06-17,2025-07-01,No
261,647,General Medicine,2025-04-13,2025-04-14,Yes
262,560,Pediatrics,2025-01-13,2025-01-18,No
263,661,Cardiology,2025-01-15,2025-01-17,No
264,998,Orthopedics,2025-04-05,2025-04-13,No
265,935,Pediatrics,2025-01-17,2025-01-23,No
266,64,Orthopedics,2025-06-02,2025-06-14,Yes
267,966,Oncology,2025-03-06,2025-03-12,No
268,703,Emergency,2025-04-23,2025-05-01,No
269,352,Orthopedics,2025-03-02,2025-03-16,No
270,426,Pediatrics,2025-03-28,2025-04-04,Yes
271,861,General Medicine,2025-01-11,2025-01-22,No
272,939,General Medicine,2025-04-29,2025-05-07,No
273,83,Orthopedics,2025-02-17,2025-02-22,No
274,757,Pediatrics,2025-03-01,2025-03-02,No
275,710,Orthopedics,2025-06-25,2025-06-29,No
276,552,Pediatrics,2025-05-18,2025-05-30,No
277,509,Orthopedics,2025-01-26,2025-02-04,No
278,110,Emergency,2025-01-19,2025-01-31,Yes
279,412,Orthopedics,2025-04-16,2025-04-20,No
280,696,Oncology,2025-06-24,2025-07-02,No
281,304,Cardiology,2025-06-12,2025-06-15,No
282,849,Oncology,2025-02-10,2025-02-15,No
283,946,Cardiology,2025-05-21,2025-05-27,No
284,848,Pediatrics,2025-05-30,2025-06-06,Yes
285,976,Emergency,2025-04-04,2025-04-07,Yes
286,170,General Medicine,2025-05-06,2025-05-14,Yes
287,816,Cardiology,2025-03-09,2025-03-22,No
288,287,Pediatrics,2025-01-02,2025-01-11,No
289,933,Emergency,2025-02-11,2025-02-24,No
290,33,Cardiology,2025-05-28,2025-06-09,Yes
291,339,Oncology,2025-06-02,2025-06-16,No
292,578,Oncology,2025-02-08,2025-02-15,No
293,467,Orthopedics,2025-04-16,2025-04-18,No
294,142,Orthopedics,2025-03-22,2025-03-23,No
295,439,Pediatrics,2025-06-23,2025-07-07,No
296,807,Orthopedics,2025-03-09,2025-03-10,No
297,506,Oncology,2025-02-13,2025-02-16,Yes
298,675,Pediatrics,2025-01-07,2025-01-09,No
299,95,General Medicine,2025-05-26,2025-05-29,No
300,190,Emergency,2025-04-30,2025-05-08,Yes
301,419,Cardiology,2025-05-14,2025-05-18,No
302,968,Pediatrics,2025-03-25,2025-03-29,No
303,275,Orthopedics,2025-01-12,2025-01-14,No
304,132,Orthopedics,2025-01-27,2025-02-02,No
305,742,Orthopedics,2025-02-02,2025-02-05,No
306,479,General Medicine,2025-04-09,2025-04-22,Yes
307,850,Emergency,2025-03-21,2025-03-24,No
308,629,General Medicine,2025-01-02,2025-01-08,No
309,840,General Medicine,2025-02-24,2025-03-10,No
310,758,General Medicine,2025-05-14,2025-05-18,No
311,421,Oncology,2025-05-08,2025-05-17,No
312,179,General Medicine,2025-05-23,2025-05-31,Yes
313,133,Orthopedics,2025-05-31,2025-06-09,Yes
314,670,Orthopedics,2025-02-15,2025-02-25,No
315,448,Pediatrics,2025-02-16,2025-02-19,No
316,354,Oncology,2025-02-18,2025-02-23,No
317,293,Oncology,2025-05-06,2025-05-18,No
318,754,Cardiology,2025-04-21,2025-05-02,No
319,235,Pediatrics,2025-06-20,2025-07-02,No
320,843,General Medicine,2025-05-15,2025-05-20,No
321,320,Emergency,2025-06-28,2025-07-05,No
322,789,Cardiology,2025-04-07,2025-04-13,No
323,594,Pediatrics,2025-03-30,2025-04-02,No
324,718,Emergency,2025-02-13,2025-02-20,Yes
325,484,Pediatrics,2025-01-30,2025-02-05,No
326,817,Orthopedics,2025-04-21,2025-05-04,No
327,570,Pediatrics,2025-01-24,2025-02-06,No
328,926,General Medicine,2025-01-18,2025-01-25,Yes
329,517,Orthopedics,2025-02-07,2025-02-10,No
330,173,Emergency,2025-02-04,2025-02-18,No
331,47,Oncology,2025-05-30,2025-06-09,No
332,936,Orthopedics,2025-03-09,2025-03-21,No
333,912,Emergency,2025-05-19,2025-05-30,No
334,32,Pediatrics,2025-04-09,2025-04-14,No
335,496,Pediatrics,2025-05-04,2025-05-11,No
336,946,Cardiology,2025-06-25,2025-07-04,No
337,164,Emergency,2025-03-29,2025-04-01,No
338,547,Emergency,2025-03-04,2025-03-15,No
339,43,Orthopedics,2025-05-21,2025-05-28,No
340,842,Pediatrics,2025-06-15,2025-06-21,No
341,20,Orthopedics,2025-06-06,2025-06-17,No
342,592,Emergency,2025-01-09,2025-01-15,No
343,872,Cardiology,2025-04-24,2025-05-02,No
344,670,Oncology,2025-05-21,2025-05-26,No
345,109,Emergency,2025-03-24,2025-03-31,No
346,225,Cardiology,2025-06-07,2025-06-14,Yes
347,89,Oncology,2025-06-15,2025-06-22,Yes
348,636,Pediatrics,2025-05-16,2025-05-17,No
349,7,General Medicine,2025-05-17,2025-05-18,No
350,71,General Medicine,2025-06-26,2025-07-06,No
351,353,Emergency,2025-05-26,2025-06-01,No
352,571,General Medicine,2025-06-14,2025-06-18,No
353,749,Orthopedics,2025-01-14,2025-01-27,No
354,434,Oncology,2025-06-27,2025-07-10,Yes
355,498,Pediatrics,2025-04-30,2025-05-12,No
356,601,Oncology,2025-03-05,2025-03-07,No
357,520,Orthopedics,2025-03-13,2025-03-27,No
358,726,Oncology,2025-01-26,2025-01-27,No
359,382,Orthopedics,2025-04-27,2025-05-11,No
360,530,Orthopedics,2025-03-27,2025-04-07,Yes
361,137,Orthopedics,2025-02-13,2025-02-17,No
362,361,General Medicine,2025-04-10,2025-04-15,Yes
363,149,General Medicine,2025-02-26,2025-03-01,No
364,753,Cardiology,2025-02-08,2025-02-09,Yes
365,977,Orthopedics,2025-05-26,2025-06-07,No
366,27,Oncology,2025-06-22,2025-06-28,No
367,97,Orthopedics,2025-04-07,2025-04-15,No
368,682,Cardiology,2025-03-31,2025-04-08,No
369,954,Emergency,2025-06-13,2025-06-22,No
370,598,Emergency,2025-05-10,2025-05-12,No
371,83,Cardiology,2025-05-25,2025-05-27,No
372,219,Oncology,2025-02-28,2025-03-03,No
373,500,Orthopedics,2025-06-29,2025-07-04,No
374,710,Oncology,2025-01-26,2025-02-07,Yes
375,87,Oncology,2025-03-13,2025-03-18,No
376,384,Emergency,2025-04-22,2025-04-26,No
377,330,Pediatrics,2025-05-06,2025-05-18,No
378,543,General Medicine,2025-03-08,2025-03-19,Yes
379,190,Emergency,2025-03-16,2025-03-29,No
380,812,Cardiology,2025-06-20,2025-06-24,No
381,387,General Medicine,2025-06-10,2025-06-18,No
382,21,General Medicine,2025-05-14,2025-05-23,No
383,742,Pediatrics,2025-03-17,2025-03-22,Yes
384,570,Orthopedics,2025-03-23,2025-03-26,No
385,834,Cardiology,2025-02-13,2025-02-18,No
386,672,General Medicine,2025-02-12,2025-02-14,Yes
387,774,Emergency,2025-02-24,2025-03-10,No
388,557,Emergency,2025-01-01,2025-01-14,No
389,895,Orthopedics,2025-04-05,2025-04-12,Yes
390,47,Orthopedics,2025-03-11,2025-03-18,No
391,297,Cardiology,2025-04-11,2025-04-13,No
392,251,Pediatrics,2025-05-21,2025-06-01,No
393,224,Pediatrics,2025-04-12,2025-04-25,No
394,59,General Medicine,2025-06-10,2025-06-17,Yes
395,833,Oncology,2025-01-28,2025-02-02,No
396,116,Emergency,2025-04-14,2025-04-16,Yes
397,107,Oncology,2025-03-18,2025-03-31,No
398,935,Orthopedics,2025-03-30,2025-04-01,No
399,37,General Medicine,2025-06-09,2025-06-14,No
400,648,Pediatrics,2025-01-09,2025-01-21,Yes
401,974,Orthopedics,2025-05-06,2025-05-08,No
402,351,Emergency,2025-06-11,2025-06-22,Yes
403,27,Oncology,2025-02-16,2025-02-19,Yes
404,875,General Medicine,2025-04-26,2025-05-08,No
405,145,Orthopedics,2025-05-24,2025-05-29,No
406,564,Orthopedics,2025-05-22,2025-06-04,No
407,129,Cardiology,2025-04-23,2025-05-07,No
408,969,Cardiology,2025-06-26,2025-07-10,No
409,779,Cardiology,2025-01-25,2025-02-06,No
410,870,General Medicine,2025-05-27,2025-05-29,No
411,15,General Medicine,2025-06-06,2025-06-08,No
412,409,General Medicine,2025-01-14,2025-01-17,No
413,888,Emergency,2025-06-04,2025-06-18,No
414,420,Emergency,2025-04-21,2025-04-24,Yes
415,985,Pediatrics,2025-02-11,2025-02-21,No
416,431,Orthopedics,2025-04-07,2025-04-11,No
417,686,General Medicine,2025-04-15,2025-04-25,No
418,710,Orthopedics,2025-04-10,2025-04-24,No
419,892,Emergency,2025-01-30,2025-01-31,No
420,873,General Medicine,2025-05-04,2025-05-17,Yes
421,742,Pediatrics,2025-01-05,2025-01-08,No
422,14,Pediatrics,2025-05-20,2025-06-01,No
423,94,Oncology,2025-01-04,2025-01-09,No
424,336,Pediatrics,2025-01-26,2025-01-28,No
425,506,Emergency,2025-05-07,2025-05-17,No
426,710,Emergency,2025-03-23,2025-04-05,Yes
427,316,Oncology,2025-01-29,2025-02-03,No
428,693,Emergency,2025-06-21,2025-07-01,No
429,342,Emergency,2025-03-07,2025-03-12,No
430,144,Pediatrics,2025-02-25,2025-03-08,Yes
431,238,Emergency,2025-04-26,2025-04-30,No
432,967,Orthopedics,2025-04-09,2025-04-14,No
433,755,General Medicine,2025-04-28,2025-05-10,No
434,958,Pediatrics,2025-02-05,2025-02-14,No
435,856,Pediatrics,2025-01-31,2025-02-10,No
436,831,Cardiology,2025-01-03,2025-01-15,No
437,998,Orthopedics,2025-05-09,2025-05-19,No
438,202,Orthopedics,2025-06-27,2025-07-09,Yes
439,213,Pediatrics,2025-05-03,2025-05-16,No
440,773,Pediatrics,2025-05-29,2025-06-05,No
441,11,Oncology,2025-05-01,2025-05-09,No
442,116,Orthopedics,2025-01-28,2025-02-07,Yes
443,309,Orthopedics,2025-06-17,2025-07-01,Yes
444,884,Cardiology,2025-03-15,2025-03-26,No
445,782,Emergency,2025-03-06,2025-03-12,No
446,990,General Medicine,2025-05-09,2025-05-21,No
447,634,Oncology,2025-02-25,2025-03-06,No
448,341,Pediatrics,2025-03-17,2025-03-24,No
449,980,General Medicine,2025-03-09,2025-03-21,No
450,759,Cardiology,2025-05-12,2025-05-15,No
451,285,Pediatrics,2025-04-01,2025-04-03,No
452,983,Pediatrics,2025-05-20,2025-06-02,No
453,638,Pediatrics,2025-05-22,2025-06-02,No
454,173,Orthopedics,2025-06-07,2025-06-13,No
455,278,General Medicine,2025-04-21,2025-05-04,No
456,434,Pediatrics,2025-06-05,2025-06-10,No
457,403,Emergency,2025-05-23,2025-05-24,No
458,446,Pediatrics,2025-03-31,2025-04-04,Yes
459,968,Cardiology,2025-05-17,2025-05-23,Yes
460,232,Cardiology,2025-05-05,2025-05-08,No
461,308,General Medicine,2025-04-15,2025-04-29,Yes
462,451,Oncology,2025-06-09,2025-06-20,Yes
463,900,Pediatrics,2025-04-17,2025-04-24,No
464,440,Orthopedics,2025-04-29,2025-05-08,No
465,975,Pediatrics,2025-02-05,2025-02-10,No
466,159,Emergency,2025-05-20,2025-05-28,No
467,943,General Medicine,2025-03-26,2025-04-02,Yes
468,523,Cardiology,2025-01-08,2025-01-13,No
469,492,Pediatrics,2025-06-21,2025-06-30,No
470,592,General Medicine,2025-02-23,2025-03-04,No
471,427,Emergency,2025-01-25,2025-02-05,Yes
472,430,Orthopedics,2025-05-09,2025-05-16,No
473,654,Orthopedics,2025-02-25,2025-03-01,No
474,144,Cardiology,2025-02-19,2025-03-04,Yes
475,300,Cardiology,2025-02-26,2025-03-12,No
476,142,Pediatrics,2025-04-04,2025-04-10,No
477,777,General Medicine,2025-04-15,2025-04-17,Yes
478,195,Cardiology,2025-03-14,2025-03-21,No
479,477,Emergency,2025-01-10,2025-01-14,No
480,839,Oncology,2025-02-08,2025-02-11,Yes
481,82,Cardiology,2025-02-16,2025-02-19,Yes
482,770,Pediatrics,2025-03-07,2025-03-11,Yes
483,49,Orthopedics,2025-04-27,2025-05-02,No
484,384,Oncology,2025-04-30,2025-05-13,No
485,870,Cardiology,2025-02-20,2025-03-02,No
486,263,Oncology,2025-02-17,2025-02-28,No
487,195,Emergency,2025-02-18,2025-02-24,No
488,24,Oncology,2025-01-06,2025-01-07,No
489,964,Cardiology,2025-04-19,2025-05-03,No
490,749,Orthopedics,2025-01-05,2025-01-18,Yes
491,764,Orthopedics,2025-05-04,2025-05-12,No
492,484,Oncology,2025-01-07,2025-01-08,No
493,932,Pediatrics,2025-06-17,2025-06-24,No
494,629,Emergency,2025-04-12,2025-04-24,Yes
495,771,General Medicine,2025-02-08,2025-02-20,Yes
496,279,Cardiology,2025-01-04,2025-01-16,No
497,628,General Medicine,2025-02-25,2025-03-04,No
498,206,Pediatrics,2025-03-02,2025-03-16,No
499,194,Cardiology,2025-04-10,2025-04-23,No
500,959,Oncology,2025-04-18,2025-04-29,Yes
501,358,General Medicine,2025-05-11,2025-05-21,No
502,531,Emergency,2025-01-24,2025-02-06,No
503,207,Cardiology,2025-02-03,2025-02-09,No
504,509,Oncology,2025-04-22,2025-04-25,No
505,509,General Medicine,2025-04-28,2025-05-07,No
506,218,Emergency,2025-01-09,2025-01-22,No
507,736,Orthopedics,2025-01-21,2025-01-26,No
508,258,Cardiology,2025-06-22,2025-07-05,No
509,943,Orthopedics,2025-04-18,2025-04-29,No
510,950,General Medicine,2025-03-26,2025-04-04,No
511,690,Oncology,2025-03-19,2025-03-23,No
512,875,Emergency,2025-02-02,2025-02-03,No
513,987,Orthopedics,2025-01-13,2025-01-27,No
514,21,Cardiology,2025-05-21,2025-05-24,No
515,308,Orthopedics,2025-01-18,2025-01-28,No
516,700,Pediatrics,2025-04-24,2025-05-03,No
517,608,Oncology,2025-06-08,2025-06-10,No
518,670,Cardiology,2025-02-04,2025-02-17,No
519,766,Cardiology,2025-03-15,2025-03-20,No
520,421,Pediatrics,2025-05-11,2025-05-16,No
521,395,Cardiology,2025-01-31,2025-02-03,No
522,528,Emergency,2025-02-22,2025-03-03,No
523,400,Orthopedics,2025-02-14,2025-02-21,Yes
524,873,Pediatrics,2025-03-22,2025-03-29,No
525,838,Oncology,2025-06-26,2025-06-28,No
526,640,General Medicine,2025-02-22,2025-03-03,No
527,322,Cardiology,2025-04-11,2025-04-12,No
528,516,Emergency,2025-06-04,2025-06-07,No
529,835,Oncology,2025-04-29,2025-05-07,No
530,161,General Medicine,2025-02-03,2025-02-09,No
531,669,General Medicine,2025-06-17,2025-06-18,No
532,706,Pediatrics,2025-01-04,2025-01-17,No
533,315,Pediatrics,2025-01-01,2025-01-10,No
534,762,Orthopedics,2025-05-04,2025-05-11,No
535,947,General Medicine,2025-04-28,2025-05-01,No
536,753,Cardiology,2025-01-02,2025-01-04,No
537,875,Oncology,2025-05-02,2025-05-04,Yes
538,512,Orthopedics,2025-04-29,2025-05-08,No
539,383,Pediatrics,2025-05-02,2025-05-16,No
540,567,Orthopedics,2025-01-01,2025-01-14,No
541,104,Cardiology,2025-05-15,2025-05-26,No
542,275,Pediatrics,2025-05-23,2025-06-06,Yes
543,769,Oncology,2025-06-04,2025-06-12,No
544,760,Orthopedics,2025-04-24,2025-04-26,No
545,175,Oncology,2025-01-12,2025-01-25,Yes
546,317,Orthopedics,2025-06-21,2025-06-29,Yes
547,605,Emergency,2025-06-10,2025-06-19,No
548,870,General Medicine,2025-05-25,2025-06-02,No
549,408,Pediatrics,2025-01-30,2025-02-09,No
550,288,Oncology,2025-06-15,2025-06-19,No
551,8,Pediatrics,2025-02-10,2025-02-13,No
552,464,Emergency,2025-01-20,2025-01-31,No
553,529,General Medicine,2025-06-19,2025-06-24,No
554,698,General Medicine,2025-04-20,2025-05-02,No
555,836,Orthopedics,2025-02-13,2025-02-20,Yes
556,98,Orthopedics,2025-06-19,2025-06-29,No
557,265,Pediatrics,2025-04-21,2025-04-22,No
558,148,Cardiology,2025-05-05,2025-05-10,No
559,702,Emergency,2025-03-07,2025-03-11,No
560,168,Emergency,2025-05-17,2025-05-28,No
561,533,Orthopedics,2025-04-13,2025-04-25,Yes
562,21,Cardiology,2025-04-02,2025-04-06,Yes
563,863,Oncology,2025-03-12,2025-03-17,No
564,29,Oncology,2025-03-01,2025-03-06,No
565,628,Pediatrics,2025-03-29,2025-03-31,No
566,994,Oncology,2025-03-22,2025-03-28,No
567,558,Pediatrics,2025-03-19,2025-03-26,No
568,681,Orthopedics,2025-02-17,2025-02-22,Yes
569,644,Emergency,2025-01-04,2025-01-12,No
570,153,Cardiology,2025-02-05,2025-02-19,No
571,257,General Medicine,2025-02-19,2025-02-25,No
572,374,Oncology,2025-04-02,2025-04-03,No
573,518,Pediatrics,2025-06-06,2025-06-09,No
574,768,General Medicine,2025-01-18,2025-01-23,No
575,922,Cardiology,2025-02-18,2025-02-28,Yes
576,41,Emergency,2025-04-22,2025-04-24,Yes
577,675,Cardiology,2025-01-06,2025-01-18,Yes
578,235,Emergency,2025-04-15,2025-04-28,No
579,831,Orthopedics,2025-05-11,2025-05-25,No
580,661,Orthopedics,2025-01-12,2025-01-19,No
581,133,General Medicine,2025-01-15,2025-01-22,No
582,552,Pediatrics,2025-03-07,2025-03-18,No
583,570,Pediatrics,2025-06-05,2025-06-14,No
584,149,Emergency,2025-06-27,2025-07-09,No
585,227,Oncology,2025-04-06,2025-04-18,No
586,570,Orthopedics,2025-04-22,2025-04-23,No
587,565,Oncology,2025-03-20,2025-03-25,No
588,260,Pediatrics,2025-06-02,2025-06-16,No
589,554,Pediatrics,2025-03-15,2025-03-18,No
590,151,Oncology,2025-06-25,2025-07-07,No
591,571,Oncology,2025-02-13,2025-02-17,No
592,467,Orthopedics,2025-06-07,2025-06-20,No
593,131,Pediatrics,2025-01-10,2025-01-18,No
594,751,Oncology,2025-03-10,2025-03-18,No
595,533,Oncology,2025-06-03,2025-06-05,No
596,399,Orthopedics,2025-01-29,2025-02-11,No
597,428,General Medicine,2025-03-25,2025-04-07,No
598,763,Pediatrics,2025-01-29,2025-02-07,No
599,124,Pediatrics,2025-05-15,2025-05-25,No
600,925,General Medicine,2025-03-30,2025-04-01,No
601,295,Cardiology,2025-05-31,2025-06-06,No
602,846,Oncology,2025-06-04,2025-06-13,No
603,547,General Medicine,2025-03-06,2025-03-11,No
604,633,Pediatrics,2025-06-19,2025-06-25,No
605,563,Pediatrics,2025-03-30,2025-04-03,No
606,222,Pediatrics,2025-05-24,2025-05-31,No
607,528,Orthopedics,2025-02-25,2025-03-07,No
608,367,Emergency,2025-01-20,2025-01-21,No
609,985,Cardiology,2025-02-17,2025-02-24,No
610,187,Emergency,2025-04-16,2025-04-22,No
611,703,Orthopedics,2025-03-03,2025-03-12,No
612,943,General Medicine,2025-01-25,2025-02-04,Yes
613,144,Oncology,2025-02-09,2025-02-22,Yes
614,794,Orthopedics,2025-05-03,2025-05-08,No
615,415,Orthopedics,2025-01-07,2025-01-14,Yes
616,203,Oncology,2025-02-18,2025-02-27,No
617,50,Pediatrics,2025-01-05,2025-01-09,No
618,387,General Medicine,2025-06-09,2025-06-15,No
619,794,Emergency,2025-02-19,2025-02-28,No
620,690,General Medicine,2025-06-22,2025-06-23,No
621,510,Orthopedics,2025-05-22,2025-05-24,No
622,633,Cardiology,2025-03-12,2025-03-18,No
623,308,Cardiology,2025-06-09,2025-06-20,No
624,998,Oncology,2025-05-18,2025-05-19,No
625,260,Pediatrics,2025-03-14,2025-03-15,No
626,423,Emergency,2025-01-29,2025-02-06,No
627,682,Orthopedics,2025-04-18,2025-04-29,No
628,679,General Medicine,2025-02-19,2025-03-03,No
629,378,General Medicine,2025-06-04,2025-06-07,No
630,1,Oncology,2025-02-09,2025-02-13,No
631,223,Pediatrics,2025-04-21,2025-05-02,Yes
632,832,General Medicine,2025-06-13,2025-06-26,No
633,874,Cardiology,2025-04-16,2025-04-19,No
634,505,Emergency,2025-02-18,2025-03-04,No
635,297,Cardiology,2025-04-29,2025-05-11,No
636,987,Pediatrics,2025-04-29,2025-05-02,No
637,421,Pediatrics,2025-02-17,2025-02-26,No
638,632,Cardiology,2025-04-04,2025-04-17,No
639,272,Cardiology,2025-03-31,2025-04-14,No
640,483,Cardiology,2025-01-02,2025-01-04,No
641,79,Orthopedics,2025-04-21,2025-04-24,No
642,787,Cardiology,2025-02-19,2025-02-24,No
643,448,Pediatrics,2025-06-29,2025-07-07,No
644,400,Oncology,2025-04-20,2025-04-23,No
645,872,Orthopedics,2025-01-05,2025-01-08,Yes
646,618,Orthopedics,2025-02-15,2025-02-19,No
647,518,Emergency,2025-06-09,2025-06-23,No
648,945,Oncology,2025-04-29,2025-05-12,No
649,632,General Medicine,2025-05-16,2025-05-19,No
650,157,General Medicine,2025-03-07,2025-03-20,No
651,152,Emergency,2025-06-08,2025-06-14,No
652,910,Cardiology,2025-02-28,2025-03-07,Yes
653,462,Pediatrics,2025-01-11,2025-01-25,No
654,232,Oncology,2025-04-04,2025-04-16,No
655,782,Cardiology,2025-01-31,2025-02-10,No
656,221,Orthopedics,2025-04-15,2025-04-25,No
657,18,Orthopedics,2025-03-17,2025-03-24,No
658,675,Emergency,2025-04-11,2025-04-17,No
659,83,Emergency,2025-06-18,2025-06-28,No
660,856,General Medicine,2025-02-25,2025-03-11,No
661,913,General Medicine,2025-03-02,2025-03-09,No
662,795,Pediatrics,2025-03-08,2025-03-18,No
663,904,Pediatrics,2025-04-23,2025-04-29,No
664,850,Emergency,2025-06-28,2025-07-09,No
665,806,Pediatrics,2025-04-27,2025-04-29,Yes
666,907,Oncology,2025-05-09,2025-05-23,No
667,523,Pediatrics,2025-05-11,2025-05-13,No
668,683,Orthopedics,2025-04-11,2025-04-25,No
669,927,General Medicine,2025-03-25,2025-04-03,No
670,639,Oncology,2025-05-18,2025-05-28,No
671,429,General Medicine,2025-06-03,2025-06-13,No
672,299,Cardiology,2025-03-15,2025-03-18,No
673,577,Cardiology,2025-03-21,2025-03-23,No
674,395,Orthopedics,2025-02-18,2025-03-03,No
675,947,General Medicine,2025-05-17,2025-05-25,No
676,198,Oncology,2025-01-22,2025-02-01,No
677,774,Emergency,2025-03-15,2025-03-27,No
678,781,Emergency,2025-04-09,2025-04-13,Yes
679,77,Orthopedics,2025-05-23,2025-05-26,No
680,222,Pediatrics,2025-03-19,2025-03-20,Yes
681,352,General Medicine,2025-06-01,2025-06-08,No
682,869,Orthopedics,2025-04-12,2025-04-17,Yes
683,140,Pediatrics,2025-03-17,2025-03-29,No
684,70,Pediatrics,2025-01-09,2025-01-17,Yes
685,441,Oncology,2025-03-28,2025-04-09,No
686,395,Oncology,2025-06-03,2025-06-08,No
687,970,Oncology,2025-01-22,2025-02-03,No
688,575,Pediatrics,2025-05-01,2025-05-05,No
689,689,Cardiology,2025-04-05,2025-04-16,No
690,558,General Medicine,2025-06-23,2025-07-04,No
691,805,Orthopedics,2025-04-10,2025-04-13,No
692,703,Oncology,2025-06-18,2025-07-02,No
693,109,Emergency,2025-05-06,2025-05-09,No
694,291,Emergency,2025-04-05,2025-04-12,No
695,767,Cardiology,2025-02-15,2025-02-19,No
696,563,Cardiology,2025-05-18,2025-05-19,No
697,386,Orthopedics,2025-04-25,2025-04-26,No
698,720,Cardiology,2025-02-11,2025-02-22,Yes
699,828,Emergency,2025-05-24,2025-05-26,No
700,216,Oncology,2025-01-03,2025-01-17,No
701,740,General Medicine,2025-01-28,2025-01-31,Yes
702,900,Orthopedics,2025-05-08,2025-05-19,No
703,759,Pediatrics,2025-05-22,2025-06-04,No
704,722,Orthopedics,2025-05-20,2025-05-23,No
705,627,Orthopedics,2025-01-08,2025-01-19,No
706,336,Oncology,2025-05-01,2025-05-04,No
707,665,Cardiology,2025-02-06,2025-02-16,No
708,88,Orthopedics,2025-03-30,2025-04-03,Yes
709,863,Orthopedics,2025-02-03,2025-02-07,No
710,930,Emergency,2025-02-19,2025-02-22,No
711,369,Oncology,2025-02-10,2025-02-24,No
712,945,Pediatrics,2025-01-08,2025-01-18,Yes
713,548,Oncology,2025-02-02,2025-02-07,Yes
714,861,Orthopedics,2025-05-14,2025-05-27,Yes
715,273,General Medicine,2025-06-24,2025-07-04,No
716,577,General Medicine,2025-01-06,2025-01-17,No
717,120,Oncology,2025-04-10,2025-04-23,No
718,969,General Medicine,2025-02-14,2025-02-20,No
719,504,Pediatrics,2025-01-15,2025-01-26,Yes
720,244,Cardiology,2025-02-26,2025-03-08,No
721,140,Pediatrics,2025-01-04,2025-01-11,No
722,724,Pediatrics,2025-01-01,2025-01-02,Yes
723,132,Oncology,2025-01-07,2025-01-13,Yes
724,663,Pediatrics,2025-06-04,2025-06-10,No
725,4,Oncology,2025-05-08,2025-05-13,No
726,57,General Medicine,2025-06-27,2025-07-11,No
727,358,Emergency,2025-06-29,2025-07-06,No
728,6,General Medicine,2025-05-26,2025-06-04,No
729,173,General Medicine,2025-02-20,2025-03-05,No
730,935,Pediatrics,2025-03-20,2025-04-01,No
731,11,General Medicine,2025-06-25,2025-07-01,Yes
732,375,General Medicine,2025-03-05,2025-03-14,No
733,26,Oncology,2025-01-14,2025-01-27,No
734,295,Pediatrics,2025-05-09,2025-05-10,No
735,251,Emergency,2025-03-21,2025-03-23,Yes
736,268,Cardiology,2025-03-27,2025-04-03,No
737,982,Cardiology,2025-06-01,2025-06-11,No
738,510,Cardiology,2025-03-19,2025-03-24,Yes
739,298,Oncology,2025-05-21,2025-05-31,Yes
740,787,Emergency,2025-02-07,2025-02-13,No
741,553,Emergency,2025-06-05,2025-06-18,Yes
742,444,General Medicine,2025-01-11,2025-01-12,Yes
743,89,Oncology,2025-04-21,2025-04-22,Yes
744,565,Orthopedics,2025-01-21,2025-01-31,Yes
745,166,Orthopedics,2025-05-05,2025-05-18,Yes
746,469,Orthopedics,2025-06-22,2025-07-02,No
747,28,Orthopedics,2025-05-29,2025-06-01,Yes
748,222,Orthopedics,2025-05-27,2025-06-05,No
749,425,Emergency,2025-03-04,2025-03-08,No
750,266,Oncology,2025-06-08,2025-06-14,No
751,9,Cardiology,2025-02-15,2025-02-22,No
752,460,General Medicine,2025-05-27,2025-05-29,No
753,158,Cardiology,2025-03-17,2025-03-23,No
754,671,Oncology,2025-06-20,2025-06-22,No
755,456,Pediatrics,2025-04-05,2025-04-16,No
756,535,Pediatrics,2025-01-07,2025-01-14,No
757,862,Cardiology,2025-06-27,2025-07-10,No
758,793,Orthopedics,2025-02-06,2025-02-13,No
759,859,Emergency,2025-01-25,2025-02-02,No
760,408,Orthopedics,2025-03-27,2025-04-07,No
761,15,General Medicine,2025-02-24,2025-03-08,No
762,490,Pediatrics,2025-04-19,2025-04-25,No
763,507,Pediatrics,2025-06-24,2025-07-05,No
764,242,General Medicine,2025-05-23,2025-06-04,No
765,382,Cardiology,2025-05-13,2025-05-23,No
766,177,Pediatrics,2025-03-22,2025-03-30,No
767,388,Cardiology,2025-03-14,2025-03-19,No
768,737,Emergency,2025-05-01,2025-05-02,No
769,353,Oncology,2025-04-25,2025-04-28,No
770,847,General Medicine,2025-05-25,2025-05-28,Yes
771,559,Emergency,2025-06-05,2025-06-07,Yes
772,829,Orthopedics,2025-01-04,2025-01-12,No
773,841,Cardiology,2025-06-20,2025-06-21,Yes
774,525,General Medicine,2025-02-25,2025-03-09,Yes
775,122,Emergency,2025-04-02,2025-04-13,No
776,111,Cardiology,2025-04-25,2025-05-01,No
777,569,Pediatrics,2025-05-20,2025-05-29,Yes
778,934,Oncology,2025-01-26,2025-02-09,Yes
779,177,Cardiology,2025-03-25,2025-04-04,No
780,306,Pediatrics,2025-01-28,2025-01-29,No
781,67,Pediatrics,2025-06-05,2025-06-12,No
782,47,General Medicine,2025-03-31,2025-04-13,No
783,150,Orthopedics,2025-02-18,2025-02-26,No
784,581,Cardiology,2025-02-14,2025-02-28,No
785,256,Emergency,2025-01-27,2025-01-28,No
786,513,General Medicine,2025-03-06,2025-03-20,No
787,6,Orthopedics,2025-01-17,2025-01-18,No
788,794,Oncology,2025-05-08,2025-05-13,No
789,330,General Medicine,2025-03-29,2025-04-07,No
790,577,Oncology,2025-06-21,2025-07-01,No
791,983,General Medicine,2025-03-22,2025-04-02,No
792,201,Oncology,2025-06-28,2025-07-02,Yes
793,818,Pediatrics,2025-02-25,2025-03-09,Yes
794,126,Cardiology,2025-06-05,2025-06-14,Yes
795,634,Cardiology,2025-01-23,2025-01-28,No
796,780,Orthopedics,2025-01-18,2025-01-27,Yes
797,802,Orthopedics,2025-02-28,2025-03-03,No
798,251,Pediatrics,2025-03-25,2025-04-06,No
799,574,General Medicine,2025-01-05,2025-01-18,No
800,997,Oncology,2025-05-22,2025-05-23,No
801,105,Oncology,2025-01-20,2025-01-26,Yes
802,696,Pediatrics,2025-04-14,2025-04-17,No
803,451,Oncology,2025-04-01,2025-04-04,No
804,360,Pediatrics,2025-05-07,2025-05-15,No
805,394,Orthopedics,2025-02-27,2025-02-28,Yes
806,999,Orthopedics,2025-02-12,2025-02-17,No
807,337,Orthopedics,2025-02-18,2025-02-22,No
808,319,Emergency,2025-01-09,2025-01-22,Yes
809,657,Orthopedics,2025-05-10,2025-05-20,No
810,901,Oncology,2025-03-08,2025-03-11,No
811,932,Oncology,2025-04-29,2025-05-02,No
812,868,Pediatrics,2025-02-17,2025-02-25,No
813,779,Pediatrics,2025-03-21,2025-03-29,Yes
814,599,Cardiology,2025-03-21,2025-03-25,No
815,952,Emergency,2025-03-12,2025-03-25,Yes
816,238,Emergency,2025-06-11,2025-06-20,Yes
817,277,General Medicine,2025-03-03,2025-03-04,No
818,936,Cardiology,2025-02-24,2025-03-09,No
819,944,Orthopedics,2025-03-11,2025-03-21,No
820,178,Cardiology,2025-03-20,2025-03-22,No
821,840,Cardiology,2025-02-02,2025-02-03,No
822,923,Emergency,2025-01-17,2025-01-18,No
823,995,Pediatrics,2025-06-20,2025-06-24,No
824,170,General Medicine,2025-04-07,2025-04-09,No
825,914,Orthopedics,2025-01-23,2025-02-06,No
826,391,Cardiology,2025-02-23,2025-03-07,Yes
827,425,Pediatrics,2025-06-22,2025-07-01,No
828,619,Pediatrics,2025-02-28,2025-03-10,Yes
829,412,Oncology,2025-04-14,2025-04-20,No
830,643,Oncology,2025-01-17,2025-01-30,No
831,115,Orthopedics,2025-01-05,2025-01-16,No
832,273,Orthopedics,2025-03-16,2025-03-21,No
833,284,Emergency,2025-05-16,2025-05-18,No
834,640,General Medicine,2025-01-09,2025-01-17,No
835,259,Oncology,2025-06-11,2025-06-25,No
836,86,Cardiology,2025-05-27,2025-06-10,No
837,518,Oncology,2025-03-06,2025-03-11,No
838,113,General Medicine,2025-01-17,2025-01-20,No
839,394,Oncology,2025-05-23,2025-06-03,No
840,335,General Medicine,2025-05-21,2025-06-04,No
841,993,Oncology,2025-03-10,2025-03-11,No
842,226,Pediatrics,2025-03-10,2025-03-18,No
843,807,Emergency,2025-04-16,2025-04-28,No
844,292,Cardiology,2025-05-08,2025-05-21,No
845,16,Pediatrics,2025-03-10,2025-03-12,No
846,861,Emergency,2025-03-19,2025-04-02,No
847,624,Pediatrics,2025-03-27,2025-04-03,No
848,97,Cardiology,2025-01-12,2025-01-18,No
849,506,Emergency,2025-02-14,2025-02-17,No
850,839,Cardiology,2025-02-08,2025-02-20,No
851,688,Pediatrics,2025-04-13,2025-04-20,No
852,895,Pediatrics,2025-04-24,2025-05-06,Yes
853,924,General Medicine,2025-03-09,2025-03-14,No
854,343,Orthopedics,2025-01-07,2025-01-15,No
855,992,Emergency,2025-06-24,2025-06-30,No
856,537,General Medicine,2025-03-06,2025-03-11,No
857,288,Emergency,2025-04-21,2025-05-02,No
858,714,General Medicine,2025-01-24,2025-01-28,No
859,634,Oncology,2025-03-30,2025-03-31,Yes
860,69,General Medicine,2025-06-03,2025-06-08,No
861,374,Cardiology,2025-05-12,2025-05-25,No
862,799,Emergency,2025-02-02,2025-02-05,No
863,449,Oncology,2025-03-31,2025-04-05,No
864,24,Cardiology,2025-02-16,2025-02-18,No
865,502,Pediatrics,2025-03-01,2025-03-09,No
866,592,Oncology,2025-05-24,2025-05-31,Yes
867,717,Cardiology,2025-06-29,2025-07-12,No
868,793,Pediatrics,2025-03-16,2025-03-27,No
869,869,Oncology,2025-06-16,2025-06-18,Yes
870,676,Pediatrics,2025-02-22,2025-03-06,No
871,367,Cardiology,2025-06-17,2025-06-19,Yes
872,934,Orthopedics,2025-06-24,2025-06-27,No
873,406,General Medicine,2025-02-17,2025-02-26,No
874,295,Pediatrics,2025-01-25,2025-01-27,Yes
875,674,Pediatrics,2025-06-10,2025-06-14,Yes
876,330,General Medicine,2025-05-19,2025-05-27,Yes
877,13,Orthopedics,2025-03-28,2025-03-29,Yes
878,672,Emergency,2025-01-25,2025-02-02,Yes
879,991,Pediatrics,2025-01-10,2025-01-16,No
880,18,Emergency,2025-01-21,2025-02-02,No
881,239,Oncology,2025-05-02,2025-05-14,No
882,993,Orthopedics,2025-05-21,2025-05-31,No
883,413,Cardiology,2025-04-26,2025-05-07,No
884,410,Emergency,2025-04-17,2025-04-28,Yes
885,381,General Medicine,2025-05-09,2025-05-23,No
886,122,General Medicine,2025-06-02,2025-06-08,No
887,926,Orthopedics,2025-06-01,2025-06-08,No
888,624,Cardiology,2025-04-14,2025-04-16,No
889,321,Orthopedics,2025-06-11,2025-06-23,No
890,152,Oncology,2025-01-02,2025-01-13,Yes
891,812,General Medicine,2025-04-07,2025-04-12,Yes
892,175,Cardiology,2025-03-16,2025-03-19,No
893,193,Cardiology,2025-05-19,2025-05-30,No
894,811,Emergency,2025-04-23,2025-04-24,No
895,421,Cardiology,2025-05-17,2025-05-24,No
896,371,General Medicine,2025-01-08,2025-01-20,No
897,402,Oncology,2025-01-28,2025-02-04,No
898,332,General Medicine,2025-06-29,2025-07-07,No
899,721,Emergency,2025-06-24,2025-07-06,No
900,808,Cardiology,2025-05-31,2025-06-04,No
901,990,Cardiology,2025-02-15,2025-02-27,No
902,392,Oncology,2025-01-20,2025-01-27,No
903,952,Emergency,2025-01-29,2025-01-30,No
904,575,Orthopedics,2025-04-15,2025-04-22,Yes
905,495,General Medicine,2025-03-16,2025-03-19,No
906,269,Oncology,2025-04-27,2025-05-10,Yes
907,24,Emergency,2025-04-25,2025-04-28,No
908,948,Pediatrics,2025-06-01,2025-06-14,No
909,955,Cardiology,2025-02-16,2025-02-26,No
910,658,Orthopedics,2025-05-28,2025-05-29,No
911,491,Oncology,2025-04-01,2025-04-12,No
912,271,Pediatrics,2025-06-17,2025-06-22,No
913,111,Orthopedics,2025-04-25,2025-04-28,No
914,764,Orthopedics,2025-06-01,2025-06-12,No
915,810,Orthopedics,2025-03-09,2025-03-20,No
916,828,Pediatrics,2025-05-03,2025-05-12,No
917,947,Orthopedics,2025-06-12,2025-06-26,No
918,769,General Medicine,2025-02-02,2025-02-13,No
919,892,General Medicine,2025-02-05,2025-02-18,No
920,457,Orthopedics,2025-04-27,2025-05-10,No
921,13,General Medicine,2025-01-01,2025-01-02,No
922,808,Oncology,2025-05-05,2025-05-08,Yes
923,790,General Medicine,2025-02-22,2025-02-24,No
924,797,General Medicine,2025-04-12,2025-04-16,No
925,265,Cardiology,2025-06-06,2025-06-19,No
926,454,Orthopedics,2025-06-18,2025-07-02,No
927,979,Pediatrics,2025-02-10,2025-02-22,No
928,382,Emergency,2025-06-11,2025-06-21,No
929,915,Emergency,2025-06-18,2025-06-26,No
930,709,General Medicine,2025-01-24,2025-01-29,No
931,883,Oncology,2025-04-03,2025-04-06,No
932,662,Cardiology,2025-03-21,2025-04-04,No
933,788,Oncology,2025-06-12,2025-06-19,Yes
934,612,Emergency,2025-02-05,2025-02-14,No
935,25,General Medicine,2025-02-13,2025-02-14,No
936,998,General Medicine,2025-01-11,2025-01-17,No
937,887,Orthopedics,2025-04-29,2025-05-06,Yes
938,745,Emergency,2025-05-18,2025-05-19,No
939,822,Cardiology,2025-01-19,2025-02-01,No
940,855,General Medicine,2025-06-13,2025-06-17,No
941,909,Emergency,2025-01-01,2025-01-04,No
942,848,Emergency,2025-06-10,2025-06-24,No
943,957,General Medicine,2025-04-13,2025-04-26,No
944,485,Oncology,2025-05-15,2025-05-19,Yes
945,47,Emergency,2025-04-11,2025-04-23,Yes
946,664,Orthopedics,2025-05-02,2025-05-15,No
947,285,Pediatrics,2025-03-12,2025-03-19,No
948,154,Oncology,2025-03-11,2025-03-20,No
949,690,Pediatrics,2025-05-04,2025-05-15,No
950,604,Pediatrics,2025-06-16,2025-06-28,No
951,468,General Medicine,2025-01-23,2025-02-01,No
952,73,Oncology,2025-02-28,2025-03-08,No
953,175,Emergency,2025-04-02,2025-04-15,No
954,775,Emergency,2025-04-06,2025-04-10,No
955,303,Emergency,2025-03-23,2025-03-31,No
956,970,General Medicine,2025-02-25,2025-03-03,No
957,35,Orthopedics,2025-05-31,2025-06-01,No
958,510,Pediatrics,2025-05-04,2025-05-17,No
959,716,Orthopedics,2025-03-07,2025-03-11,No
960,618,Oncology,2025-05-01,2025-05-03,Yes
961,411,Oncology,2025-05-19,2025-06-01,No
962,307,General Medicine,2025-03-05,2025-03-13,No
963,282,General Medicine,2025-02-27,2025-03-12,No
964,907,General Medicine,2025-03-23,2025-04-03,No
965,310,Oncology,2025-05-24,2025-05-27,No
966,641,Emergency,2025-06-29,2025-07-08,Yes
967,498,Oncology,2025-05-27,2025-06-08,No
968,317,General Medicine,2025-01-14,2025-01-27,No
969,64,Orthopedics,2025-03-11,2025-03-12,Yes
970,907,Orthopedics,2025-05-02,2025-05-14,No
971,674,General Medicine,2025-01-23,2025-01-24,No
972,859,Pediatrics,2025-02-08,2025-02-10,No
973,269,Orthopedics,2025-02-22,2025-03-02,No
974,999,General Medicine,2025-05-01,2025-05-06,No
975,745,General Medicine,2025-06-27,2025-07-10,No
976,909,Orthopedics,2025-03-13,2025-03-20,Yes
977,393,Cardiology,2025-03-16,2025-03-18,No
978,720,Oncology,2025-02-16,2025-03-01,No
979,399,Pediatrics,2025-04-24,2025-04-27,No
980,378,Oncology,2025-03-13,2025-03-19,No
981,218,Emergency,2025-01-22,2025-02-04,Yes
982,750,Emergency,2025-03-23,2025-04-04,No
983,600,General Medicine,2025-05-11,2025-05-13,No
984,778,Cardiology,2025-03-29,2025-04-02,No
985,743,General Medicine,2025-05-17,2025-05-27,No
986,50,Emergency,2025-01-14,2025-01-16,No
987,393,Emergency,2025-06-14,2025-06-28,No
988,909,Oncology,2025-03-15,2025-03-23,No
989,46,Emergency,2025-06-17,2025-06-28,No
990,913,Oncology,2025-04-10,2025-04-22,No
991,754,Cardiology,2025-03-31,2025-04-01,No
992,648,Pediatrics,2025-02-27,2025-03-11,No
993,435,General Medicine,2025-01-04,2025-01-11,No
994,711,Emergency,2025-05-04,2025-05-11,Yes
995,933,Pediatrics,2025-05-02,2025-05-14,No
996,478,Orthopedics,2025-05-30,2025-05-31,No
997,332,General Medicine,2025-06-28,2025-07-04,No
998,228,Pediatrics,2025-03-25,2025-04-04,Yes
999,134,Pediatrics,2025-04-27,2025-05-11,Yes
1000,338,General Medicine,2025-02-15,2025-02-20,No
1001,937,Oncology,2025-04-03,2025-04-04,No
1002,521,Oncology,2025-04-18,2025-04-24,No
1003,581,Oncology,2025-05-05,2025-05-19,No
1004,839,General Medicine,2025-02-18,2025-02-23,No
1005,955,Orthopedics,2025-01-26,2025-02-09,No
1006,248,Cardiology,2025-06-01,2025-06-11,No
1007,7,Cardiology,2025-02-23,2025-02-28,No
1008,488,General Medicine,2025-06-13,2025-06-27,No
1009,384,Cardiology,2025-02-26,2025-02-27,No
1010,868,Orthopedics,2025-05-15,2025-05-19,Yes
1011,66,Emergency,2025-02-12,2025-02-21,No
1012,57,Cardiology,2025-02-26,2025-03-10,No
1013,318,Cardiology,2025-06-11,2025-06-22,No
1014,978,Cardiology,2025-01-17,2025-01-30,No
1015,809,Oncology,2025-06-07,2025-06-21,No
1016,92,Emergency,2025-06-07,2025-06-19,No
1017,65,Pediatrics,2025-03-31,2025-04-06,No
1018,75,Oncology,2025-03-21,2025-03-24,Yes
1019,428,Oncology,2025-05-01,2025-05-09,No
1020,202,Oncology,2025-03-27,2025-03-31,Yes
1021,141,Emergency,2025-01-27,2025-01-29,No
1022,892,Emergency,2025-04-07,2025-04-18,Yes
1023,540,Oncology,2025-03-17,2025-03-28,No
1024,858,Orthopedics,2025-03-03,2025-03-14,No
1025,221,Oncology,2025-06-20,2025-06-25,Yes
1026,419,Emergency,2025-02-08,2025-02-14,Yes
1027,189,Orthopedics,2025-02-28,2025-03-06,No
1028,463,Pediatrics,2025-03-08,2025-03-17,No
1029,314,General Medicine,2025-01-26,2025-02-05,Yes
1030,517,Cardiology,2025-06-12,2025-06-17,No
1031,258,Emergency,2025-05-21,2025-06-02,No
1032,845,Emergency,2025-03-18,2025-03-19,No
1033,578,Orthopedics,2025-05-09,2025-05-11,No
1034,117,Emergency,2025-02-07,2025-02-20,No
1035,732,Cardiology,2025-05-05,2025-05-19,No
1036,849,General Medicine,2025-04-24,2025-05-02,Yes
1037,563,Cardiology,2025-03-04,2025-03-09,Yes
1038,738,Emergency,2025-05-17,2025-05-26,Yes
1039,464,Cardiology,2025-03-03,2025-03-17,Yes
1040,280,Emergency,2025-05-13,2025-05-19,No
1041,377,Orthopedics,2025-01-27,2025-02-08,No
1042,125,Cardiology,2025-02-11,2025-02-15,Yes
1043,797,Oncology,2025-01-27,2025-02-03,Yes
1044,971,Emergency,2025-06-15,2025-06-22,No
1045,946,Emergency,2025-01-25,2025-02-03,No
1046,988,General Medicine,2025-05-28,2025-06-03,No
1047,108,Cardiology,2025-01-03,2025-01-16,No
1048,827,Emergency,2025-01-08,2025-01-19,No
1049,388,Cardiology,2025-05-22,2025-05-25,No
1050,922,General Medicine,2025-05-01,2025-05-12,No
1051,183,Cardiology,2025-01-08,2025-01-20,No
1052,121,Pediatrics,2025-06-28,2025-07-02,No
1053,991,Emergency,2025-06-17,2025-06-21,No
1054,656,Oncology,2025-03-13,2025-03-22,Yes
1055,899,General Medicine,2025-02-28,2025-03-13,Yes
1056,766,Cardiology,2025-03-21,2025-04-04,No
1057,744,Pediatrics,2025-02-07,2025-02-21,No
1058,920,Emergency,2025-05-22,2025-06-04,Yes
1059,282,Emergency,2025-02-03,2025-02-06,Yes
1060,125,Emergency,2025-01-19,2025-02-01,Yes
1061,216,Orthopedics,2025-02-08,2025-02-12,No
1062,973,Oncology,2025-03-23,2025-03-29,No
1063,585,Orthopedics,2025-04-04,2025-04-05,No
1064,894,Orthopedics,2025-01-03,2025-01-04,No
1065,775,Orthopedics,2025-03-16,2025-03-24,No
1066,526,Cardiology,2025-01-29,2025-01-30,No
1067,522,Cardiology,2025-05-07,2025-05-20,No
1068,608,Orthopedics,2025-02-23,2025-03-09,No
1069,111,Oncology,2025-06-04,2025-06-13,No
1070,93,General Medicine,2025-06-23,2025-06-27,No
1071,421,Pediatrics,2025-02-01,2025-02-03,Yes
1072,852,General Medicine,2025-01-31,2025-02-08,No
1073,852,Cardiology,2025-06-23,2025-06-29,Yes
1074,254,Emergency,2025-06-01,2025-06-11,No
1075,232,Emergency,2025-04-18,2025-04-22,No
1076,643,General Medicine,2025-02-24,2025-02-26,No
1077,382,Oncology,2025-03-20,2025-03-24,No
1078,957,Orthopedics,2025-01-17,2025-01-30,No
1079,801,Oncology,2025-03-06,2025-03-09,No
1080,454,Cardiology,2025-06-13,2025-06-16,No
1081,447,Oncology,2025-01-23,2025-01-31,No
1082,408,Oncology,2025-06-10,2025-06-21,No
1083,245,General Medicine,2025-02-23,2025-03-04,No
1084,863,Orthopedics,2025-02-23,2025-03-04,No
1085,605,Pediatrics,2025-04-06,2025-04-19,No
1086,178,Oncology,2025-04-28,2025-05-06,No
1087,236,Emergency,2025-05-07,2025-05-20,No
1088,950,Pediatrics,2025-02-19,2025-02-28,No
1089,396,Orthopedics,2025-01-27,2025-02-05,No
1090,771,Cardiology,2025-04-02,2025-04-05,Yes
1091,822,Oncology,2025-03-28,2025-04-07,No
1092,159,Emergency,2025-02-26,2025-03-08,Yes
1093,195,General Medicine,2025-01-26,2025-01-31,No
1094,850,Pediatrics,2025-03-03,2025-03-17,No
1095,747,Orthopedics,2025-02-21,2025-02-25,Yes
1096,902,General Medicine,2025-01-02,2025-01-03,No
1097,202,Pediatrics,2025-03-11,2025-03-13,No
1098,50,Emergency,2025-03-29,2025-04-05,No
1099,897,Emergency,2025-03-24,2025-03-29,Yes
1100,889,Emergency,2025-06-13,2025-06-15,No
1101,955,Oncology,2025-06-26,2025-07-09,Yes
1102,890,Orthopedics,2025-06-24,2025-07-01,No
1103,223,General Medicine,2025-01-17,2025-01-20,No
1104,516,Pediatrics,2025-03-28,2025-03-30,No
1105,957,Emergency,2025-04-27,2025-04-28,No
1106,415,Emergency,2025-01-25,2025-02-08,No
1107,583,General Medicine,2025-03-12,2025-03-21,No
1108,838,Cardiology,2025-01-10,2025-01-15,No
1109,246,Cardiology,2025-03-24,2025-03-29,No
1110,435,Orthopedics,2025-05-01,2025-05-06,Yes
1111,593,Orthopedics,2025-04-21,2025-04-23,No
1112,885,Emergency,2025-03-07,2025-03-08,No
1113,77,Emergency,2025-01-23,2025-01-30,No
1114,143,Cardiology,2025-01-05,2025-01-08,No
1115,488,Oncology,2025-03-31,2025-04-11,No
1116,564,Pediatrics,2025-01-06,2025-01-08,Yes
1117,911,Oncology,2025-01-01,2025-01-05,Yes
1118,567,Oncology,2025-06-20,2025-06-26,No
1119,64,Oncology,2025-05-22,2025-05-23,No
1120,486,Oncology,2025-01-05,2025-01-17,No
1121,790,General Medicine,2025-01-26,2025-01-27,Yes
1122,779,General Medicine,2025-06-15,2025-06-16,No
1123,657,Oncology,2025-03-19,2025-03-20,Yes
1124,333,Pediatrics,2025-02-19,2025-02-22,No
1125,173,Pediatrics,2025-06-06,2025-06-16,No
1126,704,Orthopedics,2025-01-22,2025-01-30,No
1127,419,Orthopedics,2025-01-09,2025-01-17,No
1128,897,Oncology,2025-02-28,2025-03-02,No
1129,635,Orthopedics,2025-01-12,2025-01-26,No
1130,728,Cardiology,2025-03-18,2025-03-27,No
1131,516,Pediatrics,2025-03-27,2025-04-03,No
1132,440,General Medicine,2025-04-12,2025-04-24,No
1133,544,Cardiology,2025-05-26,2025-06-07,No
1134,207,Emergency,2025-06-01,2025-06-14,Yes
1135,47,Orthopedics,2025-06-29,2025-07-10,No
1136,533,Cardiology,2025-02-15,2025-02-28,No
1137,775,Oncology,2025-03-05,2025-03-18,No
1138,392,Orthopedics,2025-01-30,2025-02-06,No
1139,477,Pediatrics,2025-05-18,2025-05-29,No
1140,631,Oncology,2025-02-03,2025-02-05,No
1141,360,Cardiology,2025-06-17,2025-07-01,Yes
1142,273,General Medicine,2025-04-02,2025-04-14,No
1143,27,Orthopedics,2025-03-18,2025-03-31,No
1144,247,Emergency,2025-01-06,2025-01-08,No
1145,876,General Medicine,2025-03-30,2025-04-13,Yes
1146,90,Oncology,2025-03-07,2025-03-13,No
1147,250,Pediatrics,2025-04-15,2025-04-26,No
1148,225,Oncology,2025-03-23,2025-03-31,No
1149,610,General Medicine,2025-06-11,2025-06-21,No
1150,230,General Medicine,2025-03-03,2025-03-08,No
1151,1,Emergency,2025-01-31,2025-02-09,No
1152,90,General Medicine,2025-06-19,2025-06-26,No
1153,306,General Medicine,2025-02-10,2025-02-12,No
1154,307,Emergency,2025-03-13,2025-03-21,No
1155,971,Orthopedics,2025-05-23,2025-05-28,No
1156,523,Emergency,2025-04-27,2025-05-08,No
1157,557,Emergency,2025-05-02,2025-05-08,No
1158,312,Pediatrics,2025-05-07,2025-05-16,No
1159,966,Cardiology,2025-03-25,2025-04-01,No
1160,799,General Medicine,2025-01-07,2025-01-19,No
1161,648,Oncology,2025-05-11,2025-05-23,No
1162,899,Pediatrics,2025-06-28,2025-06-29,No
1163,795,Emergency,2025-03-07,2025-03-17,No
1164,21,General Medicine,2025-02-13,2025-02-22,No
1165,626,Emergency,2025-03-02,2025-03-04,No
1166,602,Emergency,2025-03-14,2025-03-26,Yes
1167,6,Orthopedics,2025-05-15,2025-05-18,Yes
1168,358,Cardiology,2025-01-18,2025-01-24,No
1169,939,Cardiology,2025-06-09,2025-06-18,No
1170,738,Pediatrics,2025-02-17,2025-02-26,No
1171,724,Emergency,2025-03-14,2025-03-23,No
1172,187,Cardiology,2025-01-08,2025-01-17,Yes
1173,653,Pediatrics,2025-03-09,2025-03-11,No
1174,767,Cardiology,2025-03-23,2025-04-05,No
1175,298,Oncology,2025-05-05,2025-05-16,Yes
1176,503,Orthopedics,2025-01-18,2025-02-01,No
1177,771,Emergency,2025-02-25,2025-02-27,No
1178,44,Cardiology,2025-03-10,2025-03-24,No
1179,290,Emergency,2025-02-16,2025-02-23,No
1180,560,General Medicine,2025-01-20,2025-01-24,No
1181,37,Oncology,2025-03-16,2025-03-23,No
1182,315,Cardiology,2025-06-24,2025-07-08,No
1183,882,General Medicine,2025-06-16,2025-06-23,Yes
1184,764,General Medicine,2025-01-16,2025-01-20,No
1185,454,Cardiology,2025-04-22,2025-04-24,No
1186,585,Cardiology,2025-06-08,2025-06-17,No
1187,456,Orthopedics,2025-03-21,2025-03-27,No
1188,152,Cardiology,2025-06-22,2025-06-23,Yes
1189,467,General Medicine,2025-04-22,2025-05-06,No
1190,986,General Medicine,2025-05-09,2025-05-16,Yes
1191,642,Orthopedics,2025-06-29,2025-07-02,No
1192,674,Cardiology,2025-02-17,2025-02-26,No
1193,9,Emergency,2025-01-29,2025-01-31,No
1194,574,Pediatrics,2025-01-21,2025-01-28,No
1195,333,Pediatrics,2025-05-30,2025-06-10,No
1196,401,Pediatrics,2025-06-06,2025-06-19,No
1197,355,Emergency,2025-06-16,2025-06-22,No
1198,769,Oncology,2025-06-08,2025-06-15,No
1199,701,Pediatrics,2025-02-12,2025-02-21,No
1200,581,Oncology,2025-06-11,2025-06-18,No
